{"access_token": "ya29.GlvJBXPaMQNfKSlZIabvB-vOU-TdJ0NnKdiO0ccCQT_qhNECRhzUeivC0DPZ0JTspKFPNePOM2_HtK9x-R7FtYCSR_Eseux8eS8YJ9rVQgNAppLZZRtO04BNLJvt", "client_id": "312812823394-79ov06ndaajp13aptuuepo6jh6u7qrpe.apps.googleusercontent.com", "client_secret": "yFoyIF6fMcUX6nI884T_B9Kq", "refresh_token": "1/4xazrQbZOQYMhZs4oCRZdyBzMQxkL0d3Ac5UVhTWZ1WEFNlalhKcmIvJCa9gS4N-", "token_expiry": "2018-05-28T07:40:44Z", "token_uri": "https://accounts.google.com/o/oauth2/token", "user_agent": null, "revoke_uri": "https://accounts.google.com/o/oauth2/revoke", "id_token": null, "id_token_jwt": null, "token_response": {"access_token": "ya29.GlvJBXPaMQNfKSlZIabvB-vOU-TdJ0NnKdiO0ccCQT_qhNECRhzUeivC0DPZ0JTspKFPNePOM2_HtK9x-R7FtYCSR_Eseux8eS8YJ9rVQgNAppLZZRtO04BNLJvt", "expires_in": 3600, "refresh_token": "1/4xazrQbZOQYMhZs4oCRZdyBzMQxkL0d3Ac5UVhTWZ1WEFNlalhKcmIvJCa9gS4N-", "token_type": "Bearer"}, "scopes": ["https://www.googleapis.com/auth/youtube"], "token_info_uri": "https://www.googleapis.com/oauth2/v3/tokeninfo", "invalid": false, "_class": "OAuth2Credentials", "_module": "oauth2client.client"}